{"cameraMode":{"drawMode":0,"name":"Shaded","section":"Shading Mode"},"sceneLighting":false,"audioPlay":false,"sceneViewState":{"m_AlwaysRefresh":false,"showFog":true,"showSkybox":false,"showFlares":true,"showImageEffects":true,"showParticleSystems":true,"showVisualEffectGraphs":true,"m_FxEnabled":true},"in2DMode":false,"pivot":{"x":-0.6197836399078369,"y":2.0306220054626467,"z":0.5229669213294983},"rotation":{"x":-0.3736438751220703,"y":-0.3106546103954315,"z":0.13440540432929994,"w":-0.8636785745620728},"size":1.1152797937393189,"orthographic":true}