{"cameraMode":{"drawMode":0,"name":"Shaded","section":"Shading Mode"},"sceneLighting":false,"audioPlay":false,"sceneViewState":{"m_AlwaysRefresh":false,"showFog":true,"showSkybox":false,"showFlares":true,"showImageEffects":true,"showParticleSystems":true,"showVisualEffectGraphs":true,"m_FxEnabled":true},"in2DMode":false,"pivot":{"x":-0.29751038551330569,"y":0.5060872435569763,"z":-23.44428825378418},"rotation":{"x":0.01808577962219715,"y":0.2897346615791321,"z":-0.005480666644871235,"w":0.9569336175918579},"size":3.3392651081085207,"orthographic":false}