{"cameraMode":{"drawMode":0,"name":"Shaded","section":"Shading Mode"},"sceneLighting":false,"audioPlay":false,"sceneViewState":{"m_AlwaysRefresh":false,"showFog":true,"showSkybox":false,"showFlares":true,"showImageEffects":true,"showParticleSystems":true,"showVisualEffectGraphs":true,"m_FxEnabled":true},"in2DMode":false,"pivot":{"x":-2.48799991607666,"y":1.6143114566802979,"z":-25.005268096923829},"rotation":{"x":0.23123891651630402,"y":0.020430855453014375,"z":-0.004850619472563267,"w":0.9726917743682861},"size":0.5025971531867981,"orthographic":false}